{
    "ConfigVersion": 6,
    "ID": 6,
    "ClassName": "ExpansionQuestNPCAIJose",
    "Position": [
        6649.7001953125,
        354.7019958496094,
        8449.0400390625
    ],
    "Orientation": [
        98.99479675292969,
        -6.992809772491455,
        -0.5789759755134583
    ],
    "NPCName": "Георгий",
    "DefaultNPCText": "Доброго дня. Я фермер Георгий",
    "Waypoints": [
        [
            6649.7001953125,
            354.7019958496094,
            8449.0400390625
        ]
    ],
    "NPCEmoteID": 20,
    "NPCEmoteIsStatic": 0,
    "NPCLoadoutFile": "HumanLoadout",
    "NPCInteractionEmoteID": 1,
    "NPCQuestCancelEmoteID": 60,
    "NPCQuestStartEmoteID": 58,
    "NPCQuestCompleteEmoteID": 39,
    "NPCFaction": "InvincibleObservers",
    "NPCType": 2,
    "Active": 1
}